supernatant;temperature;heat_treatment;replicate;density
pseudo;22;n;1;0,00E+00
pseudo;22;y;1;0,00E+00
pseudo;22;n;2;0,00E+00
pseudo;22;y;2;0,00E+00
pseudo;22;n;3;0,00E+00
pseudo;22;y;3;0,00E+00
control;32;n;1;8,60E+07
pseudo;12;y;3;1,34E+08
pseudo;32;y;1;2,28E+08
pseudo;32;n;2;4,54E+08
control;22;n;1;4,80E+08
pseudo;12;y;1;4,80E+08
pseudo;12;y;2;5,00E+08
pseudo;12;n;2;5,80E+08
control;32;n;2;6,00E+08
control;32;y;2;6,00E+08
pseudo;32;y;2;7,84E+08
pseudo;32;y;3;8,20E+08
control;32;y;3;8,60E+08
pseudo;12;n;3;8,60E+08
pseudo;32;n;1;8,76E+08
control;12;y;1;9,40E+08
control;32;n;3;9,40E+08
control;32;y;1;9,74E+08
control;12;y;2;9,80E+08
control;22;n;2;1,00E+09
control;12;n;2;1,00E+09
control;22;y;1;1,04E+09
pseudo;32;n;3;1,05E+09
control;12;n;1;1,12E+09
control;22;y;2;1,16E+09
pseudo;12;n;1;1,23E+09
control;22;n;3;1,24E+09
control;12;n;3;1,94E+09
control;22;y;3;1,96E+09
control;12;y;3;2,02E+09