bacteria;treatment;dens_treatment;temperature;time;replicate;cell_nb;ratio_to_T0;ratio_to_control;percent_kill
Pf;control;0,00E+00;32;T0;1;1,72E+06;;;
Pf;predation;2,00E+10;32;T0;1;1,72E+06;;;
Pf;control;0,00E+00;22;T0;1;1,72E+06;;;
Pf;predation;2,00E+10;22;T0;1;1,72E+06;;;
Mx;control;0,00E+00;32;T0;1;0,00E+00;;;
Mx;predation;2,00E+10;32;T0;1;4,04E+06;;;
Mx;control;0,00E+00;22;T0;1;0,00E+00;;;
Mx;predation;2,00E+10;22;T0;1;4,04E+06;;;
Pf;control;0,00E+00;32;T24;1;1,32E+09;7,67E+02;;
Pf;predation;2,00E+10;32;T24;1;3,90E+07;2,27E+01;2,95E-02;97,05
Pf;control;0,00E+00;22;T24;1;1,52E+09;8,84E+02;;
Pf;predation;2,00E+10;22;T24;1;2,28E+09;1,33E+03;1,50E+00;-50
Mx;control;0,00E+00;32;T24;1;0,00E+00;;;
Mx;predation;2,00E+10;32;T24;1;1,18E+07;2,92E+00;;
Mx;control;0,00E+00;22;T24;1;0,00E+00;;;
Mx;predation;2,00E+10;22;T24;1;0,00E+00;0,00E+00;;
Pf;control;0,00E+00;32;T0;2;2,00E+06;;;
Pf;predation;2,00E+10;32;T0;2;2,00E+06;;;
Pf;control;0,00E+00;22;T0;2;2,00E+06;;;
Pf;predation;2,00E+10;22;T0;2;2,00E+06;;;
Mx;control;0,00E+00;32;T0;2;0,00E+00;;;
Mx;predation;2,00E+10;32;T0;2;4,00E+07;;;
Mx;control;0,00E+00;22;T0;2;0,00E+00;;;
Mx;predation;2,00E+10;22;T0;2;4,00E+07;;;
Pf;control;0,00E+00;32;T24;2;2,02E+09;1,01E+03;;
Pf;predation;2,00E+10;32;T24;2;8,00E+07;4,00E+01;3,96E-02;96,04
Pf;control;0,00E+00;22;T24;2;1,12E+09;5,60E+02;;
Pf;predation;2,00E+10;22;T24;2;2,62E+09;1,31E+03;2,34E+00;-133,93
Mx;control;0,00E+00;32;T24;2;0,00E+00;;;
Mx;predation;2,00E+10;32;T24;2;6,40E+07;1,60E+00;;
Mx;control;0,00E+00;22;T24;2;0,00E+00;;;
Mx;predation;2,00E+10;22;T24;2;0,00E+00;0,00E+00;;
Pf;control;0,00E+00;32;T0;3;2,26E+06;;;
Pf;predation;2,00E+10;32;T0;3;2,26E+06;;;
Pf;control;0,00E+00;22;T0;3;2,26E+06;;;
Pf;predation;2,00E+10;22;T0;3;2,26E+06;;;
Mx;control;0,00E+00;32;T0;3;0,00E+00;;;
Mx;predation;2,00E+10;32;T0;3;7,20E+06;;;
Mx;control;0,00E+00;22;T0;3;0,00E+00;;;
Mx;predation;2,00E+10;22;T0;3;7,20E+06;;;
Pf;control;0,00E+00;32;T24;3;7,40E+08;3,27E+02;;
Pf;predation;2,00E+10;32;T24;3;3,44E+07;1,52E+01;4,65E-02;95,35
Pf;control;0,00E+00;22;T24;3;1,14E+09;5,04E+02;;
Pf;predation;2,00E+10;22;T24;3;2,82E+09;1,25E+03;2,47E+00;-147,37
Mx;control;0,00E+00;32;T24;3;0,00E+00;;;
Mx;predation;2,00E+10;32;T24;3;6,20E+06;8,61E-01;;
Mx;control;0,00E+00;22;T24;3;0,00E+00;;;
Mx;predation;2,00E+10;22;T24;3;0,00E+00;0,00E+00;;
Pf;control;0,00E+00;32;T0;4;2,18E+06;;;
Pf;predation;2,00E+10;32;T0;4;2,18E+06;;;
Pf;control;0,00E+00;22;T0;4;2,18E+06;;;
Pf;predation;2,00E+10;22;T0;4;2,18E+06;;;
Mx;control;0,00E+00;32;T0;4;0,00E+00;;;
Mx;predation;2,00E+10;32;T0;4;4,72E+07;;;
Mx;control;0,00E+00;22;T0;4;0,00E+00;;;
Mx;predation;2,00E+10;22;T0;4;4,72E+07;;;
Pf;control;0,00E+00;32;T24;4;1,16E+09;5,32E+02;;
Pf;predation;2,00E+10;32;T24;4;4,66E+08;2,14E+02;4,02E-01;59,83
Pf;control;0,00E+00;22;T24;4;2,34E+09;1,07E+03;;
Pf;predation;2,00E+10;22;T24;4;2,86E+09;1,31E+03;1,22E+00;-22,22
Mx;control;0,00E+00;32;T24;4;0,00E+00;;;
Mx;predation;2,00E+10;32;T24;4;8,40E+07;1,78E+00;;
Mx;control;0,00E+00;22;T24;4;0,00E+00;;;
Mx;predation;2,00E+10;22;T24;4;0,00E+00;0,00E+00;;