﻿replicate;prey;supernatant;time;density
1;AG;control;0;2,82E+09
1;BB;control;0;2,06E+09
1;CC;control;0;7,60E+09
1;EC;control;0;8,00E+09
1;ML;control;0;1,30E+09
1;PF;control;0;1,16E+10
1;RV;control;0;4,74E+08
1;MX;control;0;1,68E+09
1;AG;pseudo;0;2,82E+09
1;BB;pseudo;0;2,06E+09
1;CC;pseudo;0;7,60E+09
1;EC;pseudo;0;8,00E+09
1;ML;pseudo;0;1,30E+09
1;PF;pseudo;0;1,16E+10
1;RV;pseudo;0;4,74E+08
1;MX;pseudo;0;1,68E+09
2;AG;control;0;2,84E+09
2;BB;control;0;1,84E+09
2;CC;control;0;1,10E+10
2;EC;control;0;6,80E+09
2;ML;control;0;1,22E+09
2;PF;control;0;1,38E+10
2;RV;control;0;2,58E+08
2;MX;control;0;6,40E+08
2;AG;pseudo;0;2,84E+09
2;BB;pseudo;0;1,84E+09
2;CC;pseudo;0;1,10E+10
2;EC;pseudo;0;6,80E+09
2;ML;pseudo;0;1,22E+09
2;PF;pseudo;0;1,38E+10
2;RV;pseudo;0;2,58E+08
2;MX;pseudo;0;6,40E+08
3;AG;control;0;3,32E+09
3;BB;control;0;2,00E+09
3;CC;control;0;7,02E+09
3;EC;control;0;9,00E+09
3;ML;control;0;1,68E+09
3;PF;control;0;1,18E+10
3;RV;control;0;1,10E+08
3;MX;control;0;1,96E+09
3;AG;pseudo;0;3,32E+09
3;BB;pseudo;0;2,00E+09
3;CC;pseudo;0;7,02E+09
3;EC;pseudo;0;9,00E+09
3;ML;pseudo;0;1,68E+09
3;PF;pseudo;0;1,18E+10
3;RV;pseudo;0;1,10E+08
3;MX;pseudo;0;1,96E+09
1;AG;control;6;4440000000
1;BB;control;6;1380000000
1;CC;control;6;14600000000
1;EC;control;6;6400000000
1;ML;control;6;1560000000
1;PF;control;6;11800000000
1;RV;control;6;446000000
1;MX;control;6;1438000000
1;AG;pseudo;6;2960000000
1;BB;pseudo;6;168000000
1;CC;pseudo;6;10800000000
1;EC;pseudo;6;7800000000
1;ML;pseudo;6;840000000
1;PF;pseudo;6;12200000000
1;RV;pseudo;6;364000000
1;MX;pseudo;6;0
2;AG;control;6;3400000000
2;BB;control;6;1340000000
2;CC;control;6;11600000000
2;EC;control;6;4860000000
2;ML;control;6;1500000000
2;PF;control;6;16200000000
2;RV;control;6;282000000
2;MX;control;6;886000000
2;AG;pseudo;6;1560000000
2;BB;pseudo;6;1760000
2;CC;pseudo;6;2960000000
2;EC;pseudo;6;7160000000
2;ML;pseudo;6;20600000
2;PF;pseudo;6;18400000000
2;RV;pseudo;6;90000000
2;MX;pseudo;6;0
3;AG;control;6;3280000000
3;BB;control;6;1560000000
3;CC;control;6;7360000000
3;EC;control;6;5800000000
3;ML;control;6;2440000000
3;PF;control;6;8600000000
3;RV;control;6;86000000
3;MX;control;6;1766000000
3;AG;pseudo;6;5600000000
3;BB;pseudo;6;49400000
3;CC;pseudo;6;8800000000
3;EC;pseudo;6;7200000000
3;ML;pseudo;6;1040000000
3;PF;pseudo;6;32800000000
3;RV;pseudo;6;27000000
3;MX;pseudo;6;0